Date,GDP_Growth,Inflation_Rate,Unemployment_Rate,Interest_Rate,Consumer_Sentiment,Stock_Index
2024-01-01,2.060943415950886,3.1301715236648473,4.701490409149467,4.033849793533405,104.29019128746184,2999.6480490201466
2024-01-02,1.8006098568298181,3.172278892821327,4.663953904950372,4.075689367438667,106.62391123458579,2999.082515576149
2024-01-03,2.167301044972664,3.2390775297514067,4.876512394683705,4.121003001339203,106.84479025892564,2999.6172138318316
2024-01-04,2.21392277688987,3.122027434239033,4.880078503166102,4.094834792738181,101.42808355006,2999.970100640471
2024-01-05,1.6441941756703924,3.217847319523497,5.01470339744885,4.067359790538224,103.60153440345358,2998.666685141397
2024-01-06,1.7825464979962597,3.1434266476957973,4.985070773620864,4.066081093000314,106.89586958882771,2999.8910826919355
2024-01-07,2.0771189293571743,3.1624858653033274,4.798762938959797,4.064049036954781,105.14792920401769,2999.8989501505334
2024-01-08,1.99685550398096,3.261369910290636,4.630543520533803,4.055535049677123,104.47321632018914,2998.890423216216
2024-01-09,2.0652791545557747,2.983237023929122,4.767939752905039,4.213407328790544,103.59703034473542,3000.181952906012
2024-01-10,1.9065456248174244,3.056966791724784,4.847076342505739,4.1139869599586225,103.21331246749759,3000.9107146540214
2024-01-11,2.2615261670633044,3.042411150522771,4.782920067427004,4.14320571174347,104.50468740157422,2999.749598524957
2024-01-12,2.2496717420074117,2.9612272563256643,4.725344672199973,4.074140941590437,103.36967195686623,3001.6305458994116
2024-01-13,2.115758389446553,3.1306639414571658,4.848813444760057,4.088994821338695,103.73428582186384,3002.3934453577754
2024-01-14,2.3364089978956892,3.2772764756226573,4.734195035529377,4.062283670096032,103.92053154989011,3002.48768767241
2024-01-15,2.2128382514533844,3.1776274235288424,4.714543122122812,3.9650156383172765,102.34996699725599,3004.182679933352
2024-01-16,1.9558181549814457,3.229616506309679,4.854491968371056,4.028311355820513,104.71204651819532,3004.447084783084
2024-01-17,2.2097292355835525,3.322418736355612,4.746553125449648,4.006262844303387,109.41687386521065,3004.524440871131
2024-01-18,1.9524646962745047,3.349861824715543,4.8426028739764515,3.983857865958835,99.97394477188374,3003.9699104037663
2024-01-19,2.328150672589599,3.213711313416582,4.846160512393334,4.036103832983825,104.11443118281485,3004.6578592675664
2024-01-20,2.1506496486489315,3.3594502152659063,4.633515981535132,4.161615883632126,101.88348687014727,3005.2408876281243
2024-01-21,2.1317889770880045,3.23670440838698,4.731552537365866,4.0926143496159995,104.49512447610617,3005.362318226006
2024-01-22,2.0406521522073975,3.147084625682435,5.018771777637051,4.158804302455101,103.36889673270115,3004.679405394582
2024-01-23,2.429370539180143,3.174648720101359,4.62821818461106,4.114237263474587,104.73398311426774,3004.9167297396057
2024-01-24,2.161925806708043,3.0892300457705315,4.48451533363695,4.132200334389556,105.49482722599673,3004.9546442219685
2024-01-25,2.115078430170365,3.1515949410790376,4.5222787851300374,4.047384222454081,103.46126523535301,3003.7291996630183
2024-01-26,2.1381700912085124,3.2076600488947653,4.80552291060771,4.117955910315573,105.27222489295298,3002.3657311837464
2024-01-27,2.3228496333858852,3.3268014679285844,4.805453792475468,4.127496174713139,98.25033047388501,3003.0395400744073
2024-01-28,2.297203483743021,3.421428171026341,4.7828933770646005,4.061503215620784,106.04976593535368,3000.5466163461906
2024-01-29,2.3143216577706234,3.1139673701526394,4.982441390108162,4.117560947604299,103.54807061583556,3000.86129787857
2024-01-30,2.3255311206594707,3.29422787428425,4.399224832786623,4.117115120191691,104.88188890419362,3000.492789497618
2024-01-31,2.675217295254081,3.1535747935669876,4.859436380768646,4.06052358934085,100.21389875112662,3001.9109116155014
2024-02-01,2.173052468649129,3.3077066152651993,5.034217582323298,4.031032210257382,100.9187721918686,3001.5276168252244
2024-02-02,2.1592592578684675,3.2496588464745,4.6308495535352945,4.027107796210077,102.79808565551843,3002.2975693516237
2024-02-03,2.1062480401195742,3.082129670398256,4.743119767094044,4.089757494071056,102.39728775686852,3002.0114156138166
2024-02-04,2.3994135410989093,3.360424103094713,4.687290269298701,4.100875399174772,102.9219347143893,3002.2362124735664
2024-02-05,2.509145336689737,3.2093891896148,4.666264660915292,4.043966256418968,104.44856378940223,3003.084383039612
2024-02-06,2.2676106451959255,3.218714120003435,4.751728918895711,4.083964686938696,98.67215329114678,3002.7334433287565
2024-02-07,2.129332048087876,3.1672631553266313,5.015101730332536,4.110180656951515,104.07263984328239,3003.8418927469943
2024-02-08,2.139342191919315,3.210863058646235,5.0769566314696455,4.11155753036536,102.06334361399396,3002.96036440729
2024-02-09,2.441141931785374,3.3210515491432506,4.751386303445287,4.157212292384386,101.56038766103325,3003.3673981848174
2024-02-10,2.466366984685777,3.2612267345532366,5.088023514063202,4.142414027117774,98.94630935725004,3004.402746553623
2024-02-11,2.43294563417853,3.314823017610817,4.808146841554928,4.027423832498877,102.81466599040256,3005.175756636634
2024-02-12,2.1977153676634003,3.319871101621027,5.0664683436091655,4.160568171755955,96.8998458612916,3007.205434205734
2024-02-13,2.383654074029817,3.4173831204413627,4.790082464222879,4.048717857525415,102.94383043360008,3006.5554837608
2024-02-14,2.3668635454399793,3.252591832891134,4.824456563780449,4.126365841707582,98.58132353373315,3005.290075564796
2024-02-15,2.393466882871626,3.140653153477117,4.860397531570613,4.076355086711203,101.59047992160241,3004.409729622842
2024-02-16,2.5301140667305253,3.396444222953655,5.283240495300317,4.051160222444748,101.16281570134024,3005.184405321836
2024-02-17,2.4065411289028926,3.257870359345727,4.934998726513889,3.980173518021971,103.6574037582278,3005.796801136871
2024-02-18,2.5034912240963716,3.403689381009464,4.702166757109821,4.060749897177881,100.87780056437688,3006.013766136978
2024-02-19,2.387001857746056,3.3316922137699443,4.954613481215289,3.990108179182421,99.76325122886173,3005.0057485296247
2024-02-20,2.436976783977278,3.2812781880611483,4.756052803434914,4.115171348213492,100.05439918525657,3005.8877819391237
2024-02-21,2.510965058609677,3.330219734430257,4.737985243886735,4.141355268577871,103.5291299864772,3004.7784654580105
2024-02-22,2.0987167615642544,3.491306088730826,4.94891393472473,4.024359921858822,101.9714268669896,3006.053020957409
2024-02-23,2.3315385851069284,3.504677801431581,4.818518051958077,4.077974818585547,100.04277510164627,3009.026278293684
2024-02-24,2.3066060132287793,3.3046047763386572,4.856928242738152,4.025258883895934,100.25610314467035,3009.508756662019
2024-02-25,2.2779939598550123,3.314284431399893,4.818581058067915,4.028738169815653,97.50938670609202,3010.208095578857
2024-02-26,2.3557098264058705,3.4063997145907923,4.868366542971972,4.097503260422515,101.33524343731156,3009.8316653410275
2024-02-27,2.7145735754297835,3.214631388655712,4.883073724150486,4.055450313698262,96.95305233369507,3008.1380754324678
2024-02-28,2.2471429796785904,3.332837663608495,4.530287101947206,4.142941328337568,101.89052532783822,3007.6521684375502
2024-02-29,2.61856421668206,3.2971887185765194,4.922374435765532,4.030412419918919,100.55830957181149,3006.676269538282
2024-03-01,2.0928080248147407,3.3313213717397225,4.676694646230748,4.103039821439918,104.98901476417049,3005.3464402410327
2024-03-02,2.3667511713676435,3.2166603413259165,4.609313865924224,4.056476909749474,97.92882109368705,3007.186149310123
2024-03-03,2.4704964655931225,3.1410182482655244,4.818609887811215,4.0899130818317895,99.83771080236217,3007.5765296622517
2024-03-04,2.5592782212435377,3.092565540607078,4.841732716547202,4.026269387844371,103.55354041740269,3008.0738985930643
2024-03-05,2.588235989188345,3.1879255033765492,4.726924263843546,4.044638008889807,102.25368707944716,3007.8827158547974
2024-03-06,2.6084848818661066,3.2535076197656845,4.957469682766469,4.039815725385899,98.39246473181755,3007.827837389747
2024-03-07,2.3837618919516306,3.269678511861375,4.633402885299582,4.0022490226927605,100.14686846991793,3008.910528348242
2024-03-08,2.364593635559753,3.4922547095731606,4.775650827394933,4.075604110726043,99.61706631666286,3008.9964737893106
2024-03-09,2.632080820109748,3.408576391770954,4.750972890495861,4.07344804616048,100.09122798570232,3009.6455871530898
2024-03-10,2.425509976813275,3.2011251075638736,4.833775336692576,4.069036762410925,98.04434409242188,3009.5681336889165
2024-03-11,2.2117813497438785,3.3313741223147977,4.884699671681343,4.114619079216278,99.17761830733562,3009.3446575427606
2024-03-12,2.2432705861702518,3.2550766213541165,4.6938392492830605,4.108638613134792,96.07489926484719,3008.0565404983176
2024-03-13,2.288907736513249,3.266441581789985,4.955864679060325,4.015813996774616,99.45621183904359,3006.197703363699
2024-03-14,2.5749604069583296,3.312416672435185,4.858916989743803,4.051593464144162,100.00120841821585,3006.055162592959
2024-03-15,2.5066025605100664,3.35472027688725,4.567963659833494,4.000130669630672,98.56179672574436,3006.230783981484
2024-03-16,2.6186619627497043,3.2577096106003167,4.560299773123147,4.030839047733077,95.70229364163144,3005.0638765404524
2024-03-17,2.397419439560121,3.396766488180655,4.85461672332541,3.9980355950639783,100.82553537454986,3005.148716474171
2024-03-18,2.516739899141096,3.174847341955004,4.825738180310611,4.107370064729603,99.49393917358094,3005.3218703155985
2024-03-19,2.6121683063796777,3.288249251332416,4.845830737586409,4.042887125565242,97.22964234095801,3003.2853443186427
2024-03-20,2.427054862808781,3.545871671648717,4.859647949625064,4.01212911061784,98.0376457303278,3002.4897766259933
2024-03-21,2.582008282647287,3.3068164482661793,4.90022120308382,4.081033020136799,95.51509709806888,3003.016666649134
2024-03-22,2.3598517201627156,3.426149793677743,5.011116170035428,3.911136518489587,96.38364453976506,3003.5234148548648
2024-03-23,2.421063951883979,3.29021642170595,4.704923322215054,3.917271528829292,97.27733489616307,3002.489486927313
2024-03-24,2.4186186687440108,3.3372948888443736,4.698451698145714,4.05607263405484,100.72878006120663,3002.7677336277143
2024-03-25,2.256943175591158,3.2716088972186586,4.712944501324228,4.017603342097856,96.91242456457621,3003.909985297263
2024-03-26,2.594503449604092,3.2582343297013976,4.9230126874303215,4.025397132758297,99.3918874926377,3004.806942614392
2024-03-27,2.4040790300330444,3.195233149355723,5.069185056338472,3.9448460955462425,96.95541621099451,3004.831575207301
2024-03-28,2.5011613102996155,3.314036876593161,4.820544630683209,4.0082919894392015,98.44911532762565,3004.483545393439
2024-03-29,2.595367042358964,3.183598068301896,4.512827170894017,4.107914118443413,97.59220729586463,3003.9741696175274
2024-03-30,2.588931240825831,3.332975720420191,4.635352982900313,4.0472313087263725,99.54351927843301,3004.561974400662
2024-03-31,2.632961272784503,3.372532361636652,4.768898481948212,4.012787550557594,96.65084385602059,3004.8770737438444
2024-04-01,2.4802982729662104,3.2981650363365196,4.813128188672548,3.9806291485174663,94.4991459616258,3005.6264775647414
2024-04-02,2.415298666918538,3.230317765059404,4.838493343222636,3.981132057095399,94.80473840172928,3005.8783497110358
2024-04-03,2.483829498162399,3.3016932088558177,4.9085326270254,3.8926794058511303,96.4300359448856,3006.8171045869967
2024-04-04,2.161972971000911,3.2227074116512777,4.8590061488418606,4.010300177023344,94.92156810356462,3007.031674714266
2024-04-05,2.209536085948079,3.344332356372106,5.06621960287982,4.03797193212364,98.16677379054943,3007.9363217736154
2024-04-06,2.2337895284062044,3.0647656511956605,4.810493647277696,3.91519770590489,96.34226147758059,3008.9270777220167
2024-04-07,2.2981032900300526,3.2114006786219105,4.785652238084758,3.959190507461313,101.95126678800199,3008.242453198014
2024-04-08,2.5765832699783946,3.0428627843838836,4.989960139014945,3.932673093406609,93.65570947020412,3006.5541742881287
2024-04-09,2.314461220924715,3.089348776112064,4.690935634179788,3.9405665395473926,97.46834009595723,3008.217489425423
2024-04-10,2.4187062843082923,3.3720811795050056,4.9829121627572075,3.989799263595837,94.73597363686405,3008.59392170794
2024-04-11,2.7528197345391283,3.3219837106072805,4.943040231412986,3.881199972558589,95.936774319418,3006.999154775443
2024-04-12,2.420210481777706,3.1572185605086838,4.908761163978128,4.014432820624002,97.13902487370191,3006.404993809264
2024-04-13,2.637309959516162,3.075549702655513,5.172359719627483,4.019716094924128,92.1389836840686,3007.2964603754667
2024-04-14,2.301281739314209,2.9259137194704135,4.844047475018627,3.967777581618797,97.19787044753063,3007.1363037553465
2024-04-15,2.444971586741005,3.1645177154326825,5.2497021617239135,3.854612482956793,100.46549560348066,3006.74368469996
2024-04-16,2.2939644805299158,3.4573445753275287,4.910139147575942,3.927148501676819,95.68925635587773,3008.2639253159336
2024-04-17,2.4139286591019617,3.255163510178518,4.755714434708864,4.036942878657041,97.05320957917613,3007.335907580521
2024-04-18,2.6474205359851273,3.1520271394611443,4.961083501053037,3.8347337366907706,98.52192533571491,3006.656928579106
2024-04-19,2.1313764136767532,3.2507400437931357,4.7925020859060625,3.9546007618704024,96.0837084315662,3006.9873886740866
2024-04-20,2.5610655187152576,3.0443233239646155,4.844532439740015,3.911328679149288,95.19029185250459,3007.4968108377407
2024-04-21,2.518927692161666,3.166814570892962,5.020220417043609,4.008917810985659,91.74241713831351,3008.1120090949494
2024-04-22,2.3496106820083567,3.202564161272543,5.047383996152407,3.9333034541703737,97.5186473011299,3009.1419847664442
2024-04-23,2.176150394641299,3.1800187791966454,4.874113442374158,3.9856364697697075,95.95422011658948,3009.4591778657464
2024-04-24,2.4765712626393204,3.2636659921580065,5.118950932372986,3.9921016478854776,94.10021209038848,3010.067047619129
2024-04-25,2.352893271216936,3.214951741591082,5.147876528212653,4.054040495466104,96.32494414516182,3009.926190032335
2024-04-26,2.5018375573180487,3.2431681774985415,5.193113462060155,3.9504938751505847,94.85172496747455,3010.1071004281735
2024-04-27,2.4560483302670306,3.1032944521482215,5.060504661105418,3.9778666225995685,94.91074800616423,3010.3327017242736
2024-04-28,2.7682754236316374,3.257658319564108,5.189037010966162,3.8832471920466727,97.12989205498783,3010.665716645907
2024-04-29,2.3961575358201417,3.3264658263245943,4.705837580330733,4.015468799729637,93.19146418373278,3011.5560175999426
2024-04-30,2.2353066034623947,3.062204062483439,4.943709571104824,3.9163838882455857,97.91500317505434,3012.228763525967
2024-05-01,2.471708286345924,3.0660491517332997,4.864785523506059,3.924846341028226,92.97838238699788,3012.3904146552413
2024-05-02,2.475570400819309,3.283950977665756,5.016162479791371,3.9502603395466704,94.40298633454034,3011.6985515128613
2024-05-03,2.698998599923001,3.126747413463101,4.916004016498227,3.87173160138843,99.53018174788359,3011.883309214319
2024-05-04,2.5896467778594476,3.281729991508815,4.980240011752967,3.959832262344862,97.89617792973824,3011.97219641057
2024-05-05,2.48933695153922,3.0925184368633194,5.290930678631513,3.9953003088300574,95.79514696512321,3012.282096499972
2024-05-06,2.7058376776058672,3.2776601929322196,4.986584686010102,3.9601226473207993,93.6786529558501,3014.6051488910866
2024-05-07,2.170516414858388,3.1406486836714116,5.0775461434252245,3.864596195550046,94.46225893292566,3014.1977068735746
2024-05-08,2.2752896666105227,3.1486296699769563,4.984066950474805,3.936432308493085,95.62977161754797,3014.7361254916264
2024-05-09,2.212776243610203,3.2745488851639304,5.033688794617864,3.978322919919727,95.52202331420813,3015.920511216146
2024-05-10,2.314862966908204,3.0771353418167724,5.026652137555927,3.8459381553792125,95.2303400104511,3016.134226127347
2024-05-11,2.1121047911722584,3.0144019096264345,5.096408449279949,3.884733239312782,95.31688136086618,3018.5875689273466
2024-05-12,2.5089744957581526,3.0588272729983847,5.207357532919779,3.9809508987444926,94.91763012539987,3018.324807407871
2024-05-13,2.33188887434625,3.1440559397316727,5.2830624167856115,3.949299300386208,92.43163579724282,3018.7639499667416
2024-05-14,2.0764497465237666,2.9373562050626965,5.0857775902450895,3.9550829433854293,94.25317279872623,3018.0799686620658
2024-05-15,2.1616629608017357,3.152760936047159,5.1311362159933,4.026168353959812,97.08744020791283,3017.843035078004
2024-05-16,2.4215412263280203,3.0301920707979906,4.873431457668287,3.9553502979776085,92.49492642174555,3018.2063225266743
2024-05-17,2.5204171186324653,3.1938809138917588,5.036222924733844,3.9635662778329612,94.82729989198496,3019.166738261184
2024-05-18,2.745986791781846,2.8346806236542332,5.19377651827814,4.064978915350198,93.54313939963757,3019.5996987197454
2024-05-19,2.923159197939974,2.990435123558767,5.1859414308024165,3.9175420807278796,95.3830119436759,3020.9724290372696
2024-05-20,2.4169138187619663,2.8954094595085285,5.091084023773956,3.8871501064104264,94.36214265472107,3020.9908250039616
2024-05-21,2.12967055459817,2.9763789203016775,5.195580502122358,3.9472676188274973,98.0747345767875,3020.7717596012667
2024-05-22,1.8946181004720202,3.078696565828563,5.139496702793979,3.946682868716244,96.11509785015305,3023.5885858028105
2024-05-23,2.3679236997666844,3.0309194413365796,5.249168401273044,3.8972753691236353,92.46176090854566,3024.0953987085445
2024-05-24,2.1450540809195986,3.018402002181161,5.115746619689521,3.8708917448855535,96.41271527340825,3023.4882228545653
2024-05-25,2.217740579576524,3.022705966097768,5.0221868457051375,4.036927235596632,93.50730833631418,3022.905991573582
2024-05-26,2.1714732663342753,3.053836526198503,5.129094243871247,3.9367238871411394,93.89043693727766,3022.0750673640964
2024-05-27,2.2587279566688854,2.9275074207508487,4.6422820353852075,3.882737736297802,95.66135379387717,3023.1231121653113
2024-05-28,2.492990677362617,3.093900907859944,5.142432928451669,3.9641427099693884,94.04097860503624,3022.869926657666
2024-05-29,2.304029932759394,3.0843305802482863,4.540841833087882,3.9119073225495424,96.80241712387506,3023.1081939420933
2024-05-30,2.233638056673229,3.0514104636669694,4.832661827590879,3.903763379742245,93.46139407264624,3023.1552998686184
2024-05-31,2.050900444942764,3.0633988763432662,5.16199719167592,3.943588737860418,93.76770831689211,3023.9971135243795
2024-06-01,1.9156843177820164,3.0322238991474726,5.168883942011758,3.8499736696134326,93.689526809467,3023.2603942677647
2024-06-02,2.145874771739679,3.2009252312065004,4.925884045668165,3.9313171473908675,93.86913921001623,3022.294547435764
2024-06-03,2.224823243673268,2.9835450508266095,4.99639717192133,4.008477108515655,97.19842941241467,3022.628267933099
2024-06-04,2.581539329470206,2.9563850082651832,5.311727157924506,3.935307662712512,96.25875007732114,3023.338345351669
2024-06-05,2.2463142964698246,2.9065832587545244,5.036443567972229,3.8923836625478776,98.42363785182572,3023.7796880404535
2024-06-06,2.4090480721893885,2.8735577891721773,5.4483558993424825,3.885060806905097,99.54311130202068,3023.0787343181555
2024-06-07,2.1048188596999804,2.8471917962947324,5.114466475604413,3.8891474211002763,92.95194107059454,3023.8644062794233
2024-06-08,1.9598063850448282,2.8776225665404,5.178762476990685,3.8962414030881893,95.16124327391869,3023.228417157861
2024-06-09,1.995830630155508,2.9543075085990185,5.3628559724197755,3.889351310756147,92.67650983224338,3022.8144326723786
2024-06-10,2.035811652457733,2.989689753773809,5.142710987421678,3.9533864998344193,93.4836770974138,3021.977713422271
2024-06-11,2.5985001028224,2.9562721019736613,4.975400965815546,3.820267151735753,93.7901725040519,3023.3857840171763
2024-06-12,2.000426905267388,2.8695164965393603,5.111951824893169,3.9494118678910635,92.94894303975352,3024.1257937278483
2024-06-13,2.3242513612151825,3.0310165894639236,5.125689661013303,3.88673955940383,92.97385637044272,3024.837049244346
2024-06-14,1.9677709740193403,3.009884992598156,4.9289015250124715,3.924011231283551,94.80489889160144,3026.190194921874
2024-06-15,2.326429940174457,2.914943468188615,5.09777987119428,3.848282504826912,92.6773214556989,3029.1084487836165
2024-06-16,2.2088229395851764,2.8606017313892482,5.02732743127778,3.9705597716437424,96.81375164241315,3027.504495989561
2024-06-17,2.09218351070885,2.9757431442645776,5.279770385599551,3.965934693152179,93.31417331590744,3026.8710598522935
2024-06-18,2.107000329888219,2.9347281561888456,5.14872716386298,3.951185747985097,100.79043825191852,3026.3594908815235
2024-06-19,1.9758029186340198,2.7661734282764483,5.103492148445162,3.8270504415474167,94.2915821787097,3025.6129416774497
2024-06-20,2.187550885193204,2.8992698621208115,5.132317112576333,3.943854998490066,95.36286115087456,3024.639291887642
2024-06-21,1.998886596794625,2.927381036540079,5.184001668267326,3.9222813852172367,92.65403504959217,3024.443234155301
2024-06-22,1.8362823537158088,2.8063468275500045,5.245299852511576,3.8214437824453733,98.68420157911957,3023.3298865802703
2024-06-23,1.8173120835960137,2.910470220064814,5.005019973973001,3.900190315815076,97.53972107189635,3023.7678449317464
2024-06-24,2.0988916722707147,2.7412053619130314,5.000891826122552,3.919358965428429,95.9246455973576,3023.922118216724
2024-06-25,2.371647754842934,3.015541527004277,5.324938455066903,3.928692357291812,92.66868648454489,3024.5053800616297
2024-06-26,2.079266697623287,3.0019882108612572,5.099445458433479,3.9095373834207012,95.81647731686607,3025.1149992482647
2024-06-27,2.014965574394755,2.8472481645788372,4.9507812963996525,3.9150510397322993,93.18649796703882,3025.8195538312757
2024-06-28,2.087271866603405,2.904189798478759,5.231842746152248,3.974014679437238,98.38964146293354,3025.547349159999
2024-06-29,2.28271146484363,2.622235795367475,5.2366905667886305,3.9615099794089947,97.12023511544514,3027.769353007293
2024-06-30,2.056785720386338,2.7430173816713075,4.939442522882107,3.7567592807523598,95.73097134467773,3028.1043004925796
2024-07-01,1.9221180522775967,2.82474029585218,5.205286691269507,3.8841734441893805,90.70691112378853,3026.3419878798927
2024-07-02,2.216954243567634,2.7424141538235816,5.282965889474238,3.8917757827573283,93.65370951696072,3025.439439994189
2024-07-03,2.0728420675787564,2.91662093095831,5.230499231497803,3.8123959973900323,97.03824048955175,3023.7984206363562
2024-07-04,2.285640081896933,3.0405106386262197,5.2707996633589165,3.9047323027136263,98.1319475920673,3023.9148948208476
2024-07-05,2.006540248761485,2.7187663964948747,4.966971099812286,3.962512887496557,97.96925416534663,3023.891885331247
2024-07-06,1.7164129540391682,2.748376880868428,5.228823881396411,3.8458280649049144,92.61288196734469,3023.521911903763
2024-07-07,1.6790997852422673,2.851413156459696,5.13527819654437,3.917087549623678,96.44725148179677,3025.6309472811668
2024-07-08,2.2743560828854026,2.9847760391622202,5.1097024022101465,3.85461692652046,97.92364766645379,3026.277696975101
2024-07-09,2.2803590554303694,2.6972753497785327,5.314100066624838,3.8669826081266208,92.6256335737987,3027.101220372999
2024-07-10,1.8911965588835427,2.840318232241696,5.4067493210397535,3.974647460766709,95.97738552838015,3026.267230901118
2024-07-11,1.8419590293035442,2.9935010407025606,5.45530029439765,3.8738788594856737,96.59295651283301,3025.3648298695284
2024-07-12,2.2024055655856594,2.642207671211104,5.384597449984972,3.9243756802111327,95.49699157495266,3025.498040036911
2024-07-13,1.6802544186945143,2.6753461721526914,5.172092101433557,3.807991712521741,92.44860215477792,3025.767113718767
2024-07-14,1.7142941384889367,2.757220180089856,5.242580340456386,3.994985231042583,95.55707473745973,3024.0065317333438
2024-07-15,2.013512523822503,2.743709135871354,5.305759630093726,3.9323477881647593,95.61052870100718,3023.92161859709
2024-07-16,1.7975678851876145,2.873275760709271,5.209920255792379,3.893464962350245,96.02677007608456,3024.0307502363535
2024-07-17,1.867142880291982,2.8124908889499305,5.212308737899561,3.9317709333148443,95.25483695767029,3023.910327760728
2024-07-18,1.8271960826954894,2.6072007199329987,5.31715052638624,3.832935034787124,95.5556925821082,3023.1913327348775
2024-07-19,1.9191585001230416,2.832673774064135,5.185531242421923,3.963013558700403,96.42329580004781,3022.745863296571
2024-07-20,2.12494285179483,2.719879508009856,5.085809069670424,3.888177278565988,97.44964537382108,3022.662741962179
2024-07-21,1.8534127402680838,2.9016446734345216,5.133751778453719,3.894690872618063,96.01892838012195,3022.846953816145
2024-07-22,1.955981602320005,2.708074662519145,5.291671867056058,3.8808575805090118,95.8725290520526,3023.544833152442
2024-07-23,1.4091087144289118,2.703873259279664,5.197638623672759,3.8769818240685314,96.941560271334,3024.7184550827783
2024-07-24,1.801402337011994,2.818418204556839,5.2487670145767185,3.941349807699128,92.98100664375875,3024.516553199947
2024-07-25,1.6345588076131925,2.8374377890989093,5.298734699129019,3.920041174147291,97.84383651224857,3024.1525251982985
2024-07-26,1.5515594085074638,2.8028659524973367,5.142425150418841,3.9404902782984887,96.95648945517846,3024.6819937526566
2024-07-27,1.6118693566294728,2.586478852827744,5.312458286764611,3.9081474667071885,97.1057536183913,3025.384338662268
2024-07-28,1.71291591968459,2.8058971843756524,5.256158170869593,3.9349586092735955,99.01746724791992,3025.041327853322
2024-07-29,1.9552271617169732,2.6457915510069694,5.0143614691363565,3.8890944758385237,93.26086015844791,3025.922603196418
2024-07-30,1.4991417026151552,2.7699528939529072,5.416121661794943,4.022288457424523,93.29015569444397,3026.9927653474206
2024-07-31,1.7629899449645383,2.6013299055351458,5.1247975445739335,3.833196728184139,97.85758183295555,3028.374726358937
2024-08-01,1.6525452066103965,2.785689576339333,4.95171903025317,3.975457695663725,97.36868825291522,3030.243022429388
2024-08-02,1.6764341856196816,2.657828213956466,5.043241591509293,3.981649737063089,97.79699916712335,3029.466285042908
2024-08-03,1.9351865409799542,2.607732873781887,5.04679692629423,3.87151566387414,96.60686809885522,3029.569568651277
2024-08-04,1.83500286813046,2.804964816859392,5.2076760000465665,4.026481971375046,98.93503814790093,3029.6699415391254
2024-08-05,1.9876849902834608,2.7554126649472024,5.158609508399177,3.965712673583818,99.54752633146798,3029.6606761853445
2024-08-06,1.6822127301978578,2.6675955791633053,5.148940199475542,3.9654398877045645,98.72681787920101,3029.0999378203765
2024-08-07,1.5669188515196226,2.8719364958738414,5.292139094051808,3.919253454021052,97.31446512043868,3027.7026201120993
2024-08-08,1.6544162050114388,2.6806596700252077,5.249824885557696,3.90798478618833,93.69865321170961,3027.883267076864
2024-08-09,1.7408570582725804,2.7259235507391657,5.245851622480229,3.9093934498305516,99.5310324700444,3027.2026057253165
2024-08-10,1.720933264392825,2.7476741654564663,5.259460767616774,3.940431964140298,100.51514030121714,3027.3760239497724
2024-08-11,1.462095028935045,2.656969002698509,5.289890088679133,3.992029728644617,99.44049410951459,3026.669139313809
2024-08-12,1.6905197777210321,2.764285286322867,4.8807017620838025,3.9321242282046773,96.47233453438312,3025.6563778408204
2024-08-13,1.7116137339210145,2.662146291279876,5.141595556214653,3.878597237995279,99.65997428936494,3025.977314923913
2024-08-14,2.163108102768276,2.672731868789245,4.868538158627711,3.9665241443495938,100.11471110746106,3026.21462098253
2024-08-15,2.028728308812845,2.848648918884145,5.200229080054153,3.972515835023341,101.59302637231673,3026.880037329313
2024-08-16,1.4765595248346473,2.6069002301795123,5.193317838536649,3.960368572592798,96.80536798714104,3029.1517894235285
2024-08-17,1.583684870852184,2.4683406319998316,5.349977828749424,3.966109283098072,98.18730004324121,3029.514725416466
2024-08-18,1.3425328225893556,2.869458240512471,5.370371115682628,3.916507760786945,100.21777762670597,3030.0852160324484
2024-08-19,1.5112475917830048,2.9621296300709896,5.221663222556236,3.884845264921104,98.92145631284656,3029.092830263364
2024-08-20,1.6867875869520639,2.66558896596142,5.115157141649496,3.8891459665846666,96.65573723087661,3027.890869486277
2024-08-21,1.8592264177823754,2.511438230343987,5.2618934443672885,3.8520633757528793,99.80371007071031,3029.5584211607943
2024-08-22,1.466741211767758,2.6731671573912568,5.108783565989732,3.946984474473799,100.21618971841411,3028.719443700034
2024-08-23,1.4763457844470833,2.674774427946231,5.186558548048082,3.9322843307496527,99.3194600717546,3027.7597866314636
2024-08-24,1.1724507621609612,2.6836733966997377,5.333428784259954,3.9157959399294278,99.66762575103849,3027.804764052971
2024-08-25,1.5642268427305461,2.590684141027591,5.100528555644913,3.791371371771234,98.79619433606221,3027.7984420406674
2024-08-26,1.3792480919051293,2.7594245209174386,5.303677393523442,3.8781614578192154,102.35551764693535,3026.979604773195
2024-08-27,1.4809350151648304,2.753453067002358,5.283012967864372,3.997962005224778,97.68310714533747,3026.758104470508
2024-08-28,1.406665104657164,2.5511842897584516,5.036707401360825,3.910098524367732,98.3955344807852,3028.0707616785694
2024-08-29,1.558522960472957,2.7702557584939784,5.32448038852452,3.96278605256608,99.67795889304344,3027.3478630885907
2024-08-30,1.2212932368537603,2.905404613988382,5.281598453794398,3.876665211347407,101.49980971928551,3026.0371041608296
2024-08-31,1.275019886896846,2.7172210356472846,5.190467224134747,4.019593713381407,96.8331456016972,3027.0624349391683
2024-09-01,1.9899962630509989,2.666270261872292,5.059142752241772,3.9419315226120557,97.29333971968994,3027.637297724732
2024-09-02,1.302509381758426,2.685869127965281,5.0428718888688255,3.965124464808179,95.92454298453056,3027.099178860004
2024-09-03,1.3366142229943256,2.761750673324951,5.089314031770052,4.068415605582505,100.1514572312857,3025.5992506974244
2024-09-04,1.9194630602968086,2.527402213102609,5.24951285062069,4.029466977939185,97.93549642370064,3024.9367105551714
2024-09-05,2.1293355326857393,2.7172415783652837,5.022890350162952,3.939848784761606,99.48899811608042,3024.9639390022753
2024-09-06,1.3103843591878235,2.6621779062095654,5.229922147953464,3.927061431501439,101.66676851379502,3026.2113989995573
2024-09-07,1.4675583956126972,2.886517129227419,4.976044482469714,3.942003389162792,99.14673855212155,3025.2564653521667
2024-09-08,1.6061657490915553,2.6849160637941245,5.129661929969108,3.9853461135032293,100.9780725327239,3025.2534596562114
2024-09-09,1.8803775633621287,2.8698090125857463,5.174636294537457,3.956172452663096,100.00236440899332,3026.0099898374856
2024-09-10,1.3341879111666368,2.593421097503603,5.522828691972993,3.943265338460759,102.0306224907592,3023.7099848704374
2024-09-11,1.4795638591163678,2.7633837716546514,4.947285617048733,4.037991450317815,101.72180023801742,3024.8249158155086
2024-09-12,1.6812867252062629,2.73754808529764,5.372463346669233,3.960537215451697,99.47259832855816,3023.723498011702
2024-09-13,1.6101127165781008,2.619740772761825,5.171870779637403,4.082852488482629,100.60383004241531,3024.136419885226
2024-09-14,1.4454098772603319,2.7255094749119677,5.208759192295191,3.9740450057219796,103.11300929478409,3024.4639286784973
2024-09-15,1.4915001328147173,2.8302327071277076,5.162480994667414,4.060417676423175,101.89636130552901,3025.62924565899
2024-09-16,1.2410519468139714,2.677898848274883,5.209040347185639,3.9906701553821207,98.39943971452749,3026.260811284223
2024-09-17,1.4663061528905361,2.5424647999213335,5.116838899756027,4.022612699150853,102.58800259792369,3023.9640784285602
2024-09-18,1.458717226682025,2.7113732693746835,5.355518080663352,3.939902170823519,99.19056954279804,3023.259778970392
2024-09-19,1.5566271321025063,2.624440735632203,5.066418052132881,3.9351198875702127,104.26743830432505,3023.4783918259122
2024-09-20,1.3974712802462057,2.682086989905469,5.302162109475343,4.002474847763888,103.57280380296349,3023.363753408753
2024-09-21,1.6013336295271126,2.7098844056489195,5.033070844175043,4.030604991138942,102.18611926029863,3023.92164517551
2024-09-22,1.7082043684477957,2.549283609751571,5.118048683217842,3.9848835106818754,102.00208018484295,3024.7912381793753
2024-09-23,1.535528833536966,2.560171660994173,4.9636149668446405,3.920249451179387,101.35031609882702,3025.479867634525
2024-09-24,1.5737228570461335,2.7719152972375625,5.189948932075153,3.9182592044742073,103.20567061725343,3025.3457275549854
2024-09-25,1.513078413965225,2.6734897339274317,5.335714230931132,3.9166223754007525,101.1867606922939,3023.579488437643
2024-09-26,1.5016874277411978,2.471421421977152,5.104556627717632,3.9013087246082874,102.47857968730965,3023.2040740107527
2024-09-27,1.3567298128587344,2.8085951427651406,5.083807496452637,3.99687778809861,103.8298367461005,3023.7004838156745
2024-09-28,1.5638589945421448,2.7596425715895596,4.943294518173335,4.049371953405169,101.04026487570097,3022.6900589688125
2024-09-29,1.4807695399736234,2.6633922646133428,5.073207136274814,3.994167243931434,101.00876122872066,3023.4013427733203
2024-09-30,1.91867533245875,2.605549467350903,4.865763982514881,3.883537100970833,99.92902039306534,3024.389737737414
2024-10-01,1.8146756106269535,2.8233438832125546,4.964802490762597,3.988740641367689,100.2647237083266,3024.5966048989153
2024-10-02,1.5772850595213548,2.777305874773302,5.132773016948366,3.99186005016837,98.81208712791688,3021.6128296625634
2024-10-03,1.3477635524412046,2.983315100810149,5.293598747684367,4.106521273126855,104.00301229729158,3020.414756299627
2024-10-04,1.2782999950255343,2.7898333381821505,5.514091683364996,3.9305852655162967,106.23490712099328,3022.38097674976
2024-10-05,1.7395661040636952,2.789419126216459,5.001658105587447,3.985628086592366,105.5406837446321,3021.9144924572693
2024-10-06,1.5545903469558382,2.736864240998419,5.301850142006902,4.09217287670746,99.51000758858505,3020.0104308542172
2024-10-07,1.5989197272313462,2.838215869017871,5.12000159258271,4.0310953969410726,104.283218124568,3021.32579388439
2024-10-08,1.1549716978961952,2.822100193672412,5.057610450829238,4.038475823420565,105.74821406711612,3021.419305031745
2024-10-09,1.6905214487679596,2.8878888038294863,5.142021849007644,4.017750026341129,102.06001347332649,3022.604446870801
2024-10-10,1.5972093464458794,2.7137789528150384,5.083232381130128,4.030225054144189,103.24527921187573,3022.9616585571725
2024-10-11,1.2856769547410583,2.725634804640422,5.0872945832771075,4.054311358580355,99.094447640595,3023.5005282170496
2024-10-12,1.4150418033742056,2.724597940365233,5.0062546054948225,3.97665499847351,103.71063384040416,3023.9439113353587
2024-10-13,1.5638192701184754,2.8549885458089324,4.854537483368645,4.062725599929734,101.11602834630548,3024.7218426804498
2024-10-14,1.5234431320850383,2.9292123371404775,4.829440464552945,3.951860299142585,103.70744312703441,3027.0797911199024
2024-10-15,1.4565338019135354,2.7370227391962962,5.1556832190683055,4.0386105499419935,100.24981224978696,3028.1313961774244
2024-10-16,1.4964323775593802,2.7440256405361585,5.0128866179939635,4.0328043247649115,104.52098028507353,3026.6317420608257
2024-10-17,1.4690396324224724,2.8215702242714857,4.961657324074813,3.994720675102013,105.54631698611162,3027.159180980427
2024-10-18,1.5523950891245408,2.7693080198316093,5.049010397209663,4.026061551987128,101.99192338797853,3028.3815370519987
2024-10-19,1.8187701364510547,2.8928722796641053,5.163624140538177,3.997721235654783,101.3443750286587,3029.665216728209
2024-10-20,1.013870118100169,2.576331885465412,5.068075491427684,3.9769070561225415,99.36503902971997,3029.319699817401
2024-10-21,1.4827019181271153,2.722740626997816,4.939237101472504,4.014446229088554,103.20203337033242,3030.5658471414304
2024-10-22,1.5683838698630268,2.731128676336802,5.218202572183638,3.9785528581908287,102.6283411738296,3031.5749127964054
2024-10-23,1.5954279561478217,2.581350374229125,5.267739589580101,4.0515074854223,100.74503530972358,3034.2288793997036
2024-10-24,1.465131439877425,2.7210930945285816,5.101639252721081,3.979468179581449,104.80751676797821,3033.5604582377005
2024-10-25,1.1915916494116165,2.7300663823271782,5.170091135681484,4.074165191773914,103.05478752005459,3033.1347751015364
2024-10-26,1.612092190341504,2.8056494525119766,5.206914339011559,3.9810748455241565,101.85533352358291,3032.9105157768204
2024-10-27,1.8956546080067154,2.941286062278691,5.186707857208166,4.013404614482182,102.94855048375591,3032.5023010093887
2024-10-28,1.2472370457869981,2.8097633409306435,5.105875361927358,4.012047388844284,106.24999184437131,3031.6944406326957
2024-10-29,1.7307318477679559,2.735517076511395,5.100075990505883,4.111080270617783,105.3617270193395,3029.014083776823
2024-10-30,1.4963491028032996,2.837279863668982,5.084833408326524,4.062869524371115,103.94303990517541,3028.6618664689972
2024-10-31,1.554006953469432,2.952316078988504,4.8388420200491105,4.03728669388436,105.48729549456733,3029.1138754016024
2024-11-01,1.3600383187213088,2.7542714533405164,5.105108473528938,4.074313527069483,101.97199587860553,3028.703478276931
2024-11-02,1.5082002197650608,2.7653223595731187,4.793185233099851,3.9455074770187255,104.40202197510204,3030.7218631186297
2024-11-03,1.8396997161225528,2.916789814656567,4.873925759406692,4.05018488125451,104.67410318669415,3030.8184265632326
2024-11-04,1.7009457352146375,2.843377585904797,5.185210826726562,4.153676226044068,103.48066453271936,3032.1928322058898
2024-11-05,1.9357240444307815,2.934915791305818,5.112272539043666,4.061860856636896,105.33082340421258,3032.5378230875535
2024-11-06,1.8297128482918583,2.873477240036775,5.205916783705391,4.060065834087578,102.9372874389723,3033.4479996162668
2024-11-07,1.6871367916985769,2.9497199680471646,4.938628502957419,4.085486446327489,105.55471047956541,3033.811213948437
2024-11-08,1.9533140768551696,2.780793166722854,4.8031210648286145,4.104252930861794,105.67435748398925,3035.264179667205
2024-11-09,1.6976507062122717,2.8878741720539716,4.936478666016796,3.9609743523670193,98.77053667718904,3035.4045131003163
2024-11-10,1.7808902219174425,2.8728281619107725,4.98444293045323,3.9780883507545353,107.01831982491622,3035.985245511867
2024-11-11,1.561532905053777,2.7771540377113526,4.977589678614706,4.074057794643324,98.5739210134091,3036.4364123293476
2024-11-12,1.6398231193235633,2.7472713067054215,5.132406729844857,4.029119128008623,103.46718223859723,3036.2331874294664
2024-11-13,1.4928067238579517,2.9770985361305793,4.90478853627576,4.131764724935224,106.77867800565122,3036.723461407932
2024-11-14,1.8360947677710144,2.8783600319140192,5.008420868169606,4.0516856423890335,104.12070913097088,3039.0433747733637
2024-11-15,1.4085109642361393,2.8161845245750357,4.803971374383619,3.9719787399367106,101.84880216802046,3038.8587446988226
2024-11-16,1.8067409049577088,2.9137761177728105,5.016476932683335,4.006545136862965,102.61817479592816,3039.3642204251346
2024-11-17,1.6183434048871346,3.0412000559331456,4.946074651021025,3.933681861246649,106.88251118091551,3040.7082583206598
2024-11-18,1.8970276092769909,2.705349761561558,4.829831512681201,4.060658126965445,101.00731054816026,3041.9350227292275
2024-11-19,1.8193564886251126,2.7888047810490817,4.9036413507425145,4.064122495933179,107.12848447778615,3042.033506454582
2024-11-20,2.0398144510118694,2.8512433428575,4.908119705684244,4.053474073280561,104.77903750944371,3039.737145160404
2024-11-21,1.8284387877826402,3.0947299434175894,4.891972150680613,4.129774532799343,102.52174169047319,3040.3411393330343
2024-11-22,1.3745685746489178,2.981966052092645,5.194965961904878,4.136867474514228,103.75613893915508,3038.2092241394425
2024-11-23,1.6823709303627967,3.035548092412143,4.911288191075683,4.069510163939272,102.90229852976665,3039.7669918329816
2024-11-24,1.4682352180006548,2.849921494617571,4.8862829022246785,3.9723598823018347,106.68211287715383,3040.0245711704356
2024-11-25,1.6059438947998443,2.857115903238717,4.605084758517283,4.11100018784208,106.42596666661534,3041.1126291848386
2024-11-26,2.0188948085097853,3.018991932051037,4.782430176680616,4.108921917326165,101.53276726671766,3040.2991840115315
2024-11-27,1.851289105595729,2.985186705052848,4.873983867821461,4.097617233838089,104.17241074369723,3038.8356278319684
2024-11-28,1.591211328515101,3.0393879817194365,4.807476230225421,4.132191050101986,103.26025354085222,3039.1856221126786
2024-11-29,1.5355487230291451,2.9709064174203315,5.114546084826099,4.025820435740395,107.57919704269656,3039.2415503605753
2024-11-30,1.7522209466492003,3.0226503657987123,4.87951256566741,4.185419478462009,102.29605181994557,3038.839836115541
2024-12-01,1.5098001950437858,3.015811908490511,5.094511527365742,4.037905008170487,108.20730071926948,3039.0146218852706
2024-12-02,1.6264050244627897,3.0829407457552427,4.907521506337134,4.124206781833003,104.93336421964707,3041.8724831005006
2024-12-03,1.8306267588588232,3.091027311681271,4.900901053990126,4.003221785793757,102.6757144805135,3042.7977376424515
2024-12-04,2.006947736351134,2.853498700727799,4.879079498535465,4.041893516630833,103.64318303541823,3043.93827166148
2024-12-05,1.905364498169672,2.7959138725066106,4.890082375109695,4.165016566982222,103.39116089638827,3044.8735530411823
2024-12-06,1.3331452969742215,3.1259639793863845,5.144478899199256,4.076918095815182,102.44034900029595,3046.4446713129823
2024-12-07,1.8601293512030652,3.149703018560424,4.535898336296557,4.132697511536904,105.1729482282316,3046.3465698802975
2024-12-08,1.821575011524712,2.934000111518472,4.5808228009420455,4.103260568254496,102.51969545411981,3044.3840953044974
2024-12-09,1.8979157856292022,2.855200090979417,4.796829001318558,4.086849220971655,100.60555182886068,3044.2881146806335
2024-12-10,2.146403875242055,3.0561961283000048,4.877769832602461,4.160946684604554,104.19621737827093,3045.1927768681862
2024-12-11,1.4185908948419947,3.144471765889496,4.976429203536567,4.081550781649698,101.33767555832593,3044.3162260150793
2024-12-12,1.7211444841155965,3.2362274651964045,4.941237167497125,4.0049487004160165,103.4254190136841,3044.2334346713565
2024-12-13,1.9657206522305262,3.113161107170731,4.810036189419459,4.054397634145129,103.0964269826932,3043.635566503861
2024-12-14,1.5394399036689066,3.02940478424268,5.017967830219676,4.1226652380646,103.15563631417582,3045.2318261070463
2024-12-15,2.159210730843649,2.9822887676432988,5.017118757028176,4.115398937977316,108.88197895634215,3046.0758439593023
2024-12-16,1.9459946749820378,3.0777511177019217,4.887717009280406,4.017760065875459,104.97341411748444,3046.822277514044
2024-12-17,2.049980414165706,3.051660976871706,5.002067311416671,4.060356867795075,105.33043093311099,3047.5391053718445
2024-12-18,1.7748505111935577,2.985037939291301,4.896167981855636,4.067920324725038,101.26455615013616,3047.5974176890327
2024-12-19,2.0602004880589324,3.296351932483215,4.768694141389771,4.079136565811531,103.48566281766264,3047.890871881563
2024-12-20,2.119580956276186,3.2748977387149223,4.95527810831069,4.028989154720488,105.19901024303525,3046.8019227668333
2024-12-21,1.9609290319366948,3.214861738233777,4.864930806691089,4.066712091621187,102.69275007423485,3044.712054925199
2024-12-22,1.9697257682075988,3.0140177968719986,4.846318011636385,4.062016857412233,106.52993140398809,3044.959049879131
2024-12-23,1.9854292617997127,3.19641929529693,5.064883865614282,4.137311607227495,102.27901355967509,3045.380294559961
2024-12-24,1.7672269246024475,3.1796616628228724,4.474180049367631,4.139449315058248,104.08088738345955,3046.6871549674884
2024-12-25,1.9189434152282117,3.1647009591821975,4.62707515684113,4.091931698037352,103.44935033101436,3048.3564287496215
2024-12-26,1.9265130941408048,3.2501246074880727,4.659631624242372,4.079819800895859,104.9165594490608,3050.024707938646
2024-12-27,2.0422775594695386,3.193369792051257,4.781215592204196,4.106588115216674,103.27204300676023,3049.125308296816
2024-12-28,2.174155015770432,3.2084702261525564,4.795574649261933,4.058903741938036,103.97499175748153,3048.8720108685216
2024-12-29,1.7710819777929452,3.2027557096080765,4.605777471707147,4.0425019380071845,104.00693627011857,3049.4516567321707
2024-12-30,1.9663915158581668,3.177699292834947,4.6822628768478705,4.052913940677683,102.97151109836486,3052.0832171427896
2024-12-31,2.2962911095317953,2.969771552076575,4.699120956566304,4.068236191999416,105.3702487568619,3053.6633163465035
2025-01-01,1.859889032315404,3.1609633908966868,5.1951223428654645,4.041825383984005,104.83530834322146,3054.8830577756253
2025-01-02,1.852760802353309,3.1014054863247527,5.095082951133223,4.108094643818617,104.13848274974323,3054.5959582523083
2025-01-03,2.0662710719778654,3.0334174556974878,4.761424085358629,4.136440411757921,103.41069418182522,3053.813791014498
2025-01-04,2.203278251498224,3.333912255880368,4.76706623716207,4.020533056518592,105.81933334780531,3054.7040749464168
2025-01-05,2.045267610480855,3.3429100609759055,4.647693226491307,4.1010481516473405,103.70795890946482,3053.7051329781575
2025-01-06,2.317342966811115,3.310162142065701,4.532377675455683,4.0886691004121,103.51837641796767,3053.568758661126
2025-01-07,2.2314628189629815,3.2039393477738165,4.799642374401655,4.116585965386911,104.29207031700584,3053.556384873022
2025-01-08,2.237003399434645,3.3176055731298035,4.66612794497007,4.098678746521562,107.42557309754643,3055.252042537587
2025-01-09,2.1879777105969596,3.187819342592443,4.8017640835348585,4.026431442402764,101.30020190287067,3055.0004314110406
2025-01-10,2.551177192159956,3.210909417956831,4.5732016768788935,4.035748294080376,105.46796306150428,3052.664607635352
2025-01-11,2.053081017148413,3.085241731264296,4.697732619665082,4.100065993775631,100.088077884359,3053.272816817211
2025-01-12,1.7018477915210066,3.2381895159225675,4.833174786809996,4.1497317011852735,104.25398938040996,3052.6778970541045
2025-01-13,2.431811628805511,3.208371678492325,4.864720136408559,3.9872520006123993,106.9134997928775,3052.8249665088024
2025-01-14,2.0277964968116096,3.0758506184836536,4.871373828492921,4.114887384053316,104.6834471031776,3052.8430352632804
2025-01-15,2.1492527364267002,3.204717786933834,4.609700695601984,4.156692919927289,103.98903792751203,3052.674438333365
2025-01-16,2.397889215739158,3.2055240302988515,4.9350548719893625,4.089142484492096,102.46748563077365,3053.5702180783
2025-01-17,1.8237893082285193,3.396849328153238,4.685955461139421,4.123857179657737,103.59001245151299,3052.1431228486053
2025-01-18,1.9021311695069163,3.3100464397405367,4.900108596156612,4.06071832765384,102.96228050362818,3051.732207048144
2025-01-19,1.8403792434224113,3.225236170218113,4.802834530206139,4.0893997896992005,101.83191383152237,3052.522670354495
2025-01-20,2.009934191791972,3.2523704735236767,4.597280581083986,4.01379048208581,102.76056809011793,3052.015336037143
2025-01-21,2.2647653822915843,3.235245685875601,4.755675580962403,3.9770589489180983,103.67254410729831,3050.513602850316
2025-01-22,2.289699840007891,3.2137973568416776,4.857334672830768,4.140826424690807,101.67583942912154,3051.289552684431
2025-01-23,2.248086538987514,3.1290409772882044,4.89395830805372,4.043822646717576,101.5312504316098,3052.520360582997
2025-01-24,1.9181908178245135,3.22530313869171,4.780407373499751,4.069652679969138,100.3559361246323,3052.5833951351383
2025-01-25,1.7465761139796294,3.168851892036957,5.030923252211367,4.02243624994243,103.7895703683024,3050.730893408721
2025-01-26,2.2272585133532923,3.1214114120984093,4.951942816418548,4.020561977855228,104.0295727853965,3051.5455186672707
2025-01-27,2.1297594641425377,3.3004733693644956,4.762036887918406,4.081643695227738,103.33218222799466,3049.994595372686
2025-01-28,2.323652289794748,3.2913119876836667,4.912831187589429,4.053105069366709,104.72828729750822,3050.412665654952
2025-01-29,2.379757645302148,3.0762743763214506,5.0902190205302915,4.107704282162684,102.90193746686471,3049.6347765070122
2025-01-30,2.2745360614917245,3.2453607237332283,5.094118989721475,4.110628141346334,103.43767211554118,3048.5848127322483
2025-01-31,2.406362089001223,3.3598070450088713,4.6158018699293875,4.103213114187162,103.18798680635439,3048.253076134046
2025-02-01,2.3075500785057885,3.368689885432905,4.661036701595481,4.098244252351414,102.32312902839246,3048.180246889766
2025-02-02,2.375015526889443,3.3678039372715327,5.022828561872607,4.164320627221577,101.36971987928416,3047.6467987428105
2025-02-03,2.135283004009833,3.2714857246280102,4.641481899257348,4.031145217283062,106.78410276995314,3048.3465507272886
